1,2023-07-15 17:28:51.292827,app01/smileEventImages/2023_07_15_17_28_51_292827.jpg,Happy,Shichao
1,2023-07-15 17:28:51.646013,app01/smileEventImages/2023_07_15_17_28_51_646013.jpg,Happy,Shichao
1,2023-07-15 17:28:52.004622,app01/smileEventImages/2023_07_15_17_28_52_004622.jpg,Happy,Shichao
1,2023-07-15 17:28:52.384851,app01/smileEventImages/2023_07_15_17_28_52_384851.jpg,Happy,Shichao
1,2023-07-15 17:28:52.763479,app01/smileEventImages/2023_07_15_17_28_52_763479.jpg,Happy,Shichao
1,2023-07-15 17:28:53.116030,app01/smileEventImages/2023_07_15_17_28_53_116030.jpg,Happy,Shichao
1,2023-07-15 17:28:53.490314,app01/smileEventImages/2023_07_15_17_28_53_490314.jpg,Happy,Shichao
1,2023-07-15 17:28:53.877316,app01/smileEventImages/2023_07_15_17_28_53_877316.jpg,Happy,Shichao
1,2023-07-15 17:28:54.262809,app01/smileEventImages/2023_07_15_17_28_54_262809.jpg,Happy,Shichao
1,2023-07-15 17:28:54.629973,app01/smileEventImages/2023_07_15_17_28_54_629973.jpg,Happy,Shichao
1,2023-07-16 10:51:07.782682,app01/smileEventImages/2023_07_16_10_51_07_782682.jpg,Happy,zefeng
1,2023-07-16 10:51:08.179351,app01/smileEventImages/2023_07_16_10_51_08_179351.jpg,Happy,zefeng
1,2023-07-16 10:51:08.565440,app01/smileEventImages/2023_07_16_10_51_08_565440.jpg,Happy,zefeng
1,2023-07-16 10:51:08.962080,app01/smileEventImages/2023_07_16_10_51_08_962080.jpg,Happy,zefeng
1,2023-07-16 10:51:09.377652,app01/smileEventImages/2023_07_16_10_51_09_377652.jpg,Happy,zefeng
1,2023-07-16 10:51:09.729216,app01/smileEventImages/2023_07_16_10_51_09_729216.jpg,Happy,zefeng
1,2023-07-16 10:51:10.115960,app01/smileEventImages/2023_07_16_10_51_10_115960.jpg,Happy,zefeng
1,2023-07-16 10:51:10.509066,app01/smileEventImages/2023_07_16_10_51_10_509066.jpg,Happy,zefeng
1,2023-07-16 10:51:10.889731,app01/smileEventImages/2023_07_16_10_51_10_889731.jpg,Happy,zefeng
